{"cameraMode":{"drawMode":0,"name":"Shaded","section":"Shading Mode"},"sceneLighting":false,"audioPlay":false,"sceneViewState":{"m_AlwaysRefresh":false,"showFog":true,"showSkybox":true,"showFlares":true,"showImageEffects":true,"showParticleSystems":true,"showVisualEffectGraphs":true,"m_FxEnabled":false},"in2DMode":false,"pivot":{"x":-0.44517481327056887,"y":-1.2353792190551758,"z":99.80428314208985},"rotation":{"x":0.14348328113555909,"y":0.017810096964240075,"z":-0.0025789886713027956,"w":0.9895120859146118},"size":9.908361434936524,"orthographic":false}