{"cameraMode":{"drawMode":0,"name":"Shaded","section":"Shading Mode"},"sceneLighting":false,"audioPlay":false,"sceneViewState":{"m_AlwaysRefresh":false,"showFog":true,"showSkybox":true,"showFlares":true,"showImageEffects":true,"showParticleSystems":true,"showVisualEffectGraphs":true,"m_FxEnabled":true},"in2DMode":false,"pivot":{"x":-2.8642728328704836,"y":11.314750671386719,"z":4.106110095977783},"rotation":{"x":-0.015293015167117119,"y":-0.9301450848579407,"z":0.03910108655691147,"w":-0.36484357714653017},"size":2.217111587524414,"orthographic":false}